# run,row,col,
1,1677,6050
1,3144,1759
1,2821,1899
2,3545,1590
2,2954,1354
2,3410,2691
3,2934,1818
3,3893,2690
3,2966,2602
4,2748,2671
4,3688,5871
4,3476,3946
5,2877,1571
5,2975,1357
5,1481,5621
6,2713,1706
6,2132,1397
6,2158,1965
7,2517,1219
7,3650,3937
7,1454,1315
8,3573,6029
8,3098,1651
8,2828,5245
9,3532,5153
9,832,5576
9,2038,1714
10,3242,3849
10,1996,6112
10,3091,2341
11,3609,3584
11,2285,6191
11,2723,5672
12,2791,5554
12,913,6227
12,1733,1115
13,681,5747
13,3478,5943
13,2785,5421
14,3107,6235
14,1346,6181
14,3981,5529
15,2548,2303
15,2431,7059
15,3581,1779
16,1466,5442
16,3731,2913
16,3807,5601
17,1207,5716
17,3504,3464
17,3061,5170
18,3468,6454
18,3335,2849
18,2584,1739
19,2702,2160
19,3063,5842
19,2310,7181
20,3457,2079
20,1245,5462
20,2347,1869
21,3304,3667
21,1983,6194
21,3630,3566
22,2996,3578
22,3716,2089
22,3269,2463
23,3477,3323
23,3804,2043
23,2962,2107
24,3130,1296
24,3050,4671
24,3423,3273
25,1212,779
25,3529,3480
25,2497,1316
26,3156,1555
26,3152,4611
26,3011,2315
27,3684,5695
27,2421,5746
27,1984,1987
28,3657,2980
28,2880,2807
28,1935,5939
29,2981,1687
29,3671,3717
29,1530,1231
30,3465,3550
30,1683,6141
30,2905,3143
31,3124,2364
31,2894,5738
31,1459,1179
32,1881,923
32,1752,7202
32,880,6080
33,3559,6244
33,2658,5141
33,3478,5652
34,2516,6362
34,3294,3633
34,1779,938
35,3207,2964
35,1267,6215
35,3354,5934
36,3145,6087
36,2182,1990
36,2786,4937
37,3287,2366
37,3233,3408
37,3240,5518
38,1447,5910
38,2677,1975
38,3154,1616
39,3171,1281
39,1131,5472
39,2951,6058
40,1935,7338
40,2941,1892
40,3224,2236
41,1819,1826
41,1900,6096
41,3138,5777
42,2012,7239
42,1672,5821
42,3557,1738
43,2483,2160
43,1419,6854
43,2784,6938
44,754,5906
44,1376,6637
44,3412,5001
45,2321,5775
45,2933,6678
45,2678,5806
46,2506,7128
46,2649,1107
46,3307,6719
47,3753,5765
47,3062,1706
47,2068,1771
48,3091,4893
48,3010,2611
48,3383,3790
49,2876,2321
49,1863,6504
49,3834,2604
50,2384,1081
50,3161,1750
50,2871,5918
51,2938,2581
51,3087,4900
51,3547,5264
52,3438,5336
52,1162,5407
52,2974,6327
53,1269,1002
53,2272,5890
53,3689,5564
54,2927,4275
54,2647,1300
54,2944,2679
55,3107,3130
55,3542,5818
55,1510,6173
56,2648,6985
56,3493,1675
56,2765,2367
57,3606,4312
57,1679,1219
57,2871,2212
58,1556,5664
58,2623,5569
58,2099,7442
59,3532,6438
59,1184,844
59,2678,5129
60,3238,3620
60,1795,1038
60,3047,4796
61,2611,2421
61,3742,5918
61,2237,7343
62,2883,2767
62,3296,1870
62,3459,2942
63,1709,6926
63,2815,6285
63,2915,4654
64,2428,6191
64,1707,7033
64,3197,3655
65,1410,5552
65,2095,1254
65,3220,2178
66,2708,2195
66,1247,5693
66,3942,5514
67,3512,3086
67,3511,2354
67,2695,5859
68,2069,1066
68,3574,1955
68,3478,4209
69,2689,6261
69,1783,902
69,1072,6290
70,2514,2130
70,3142,2488
70,3007,2401
71,838,5951
71,2636,2091
71,3480,1925
72,3425,4334
72,1380,6053
72,3376,2763
73,3179,4121
73,2666,5904
73,1232,933
74,3835,5983
74,2436,1680
74,2823,1517
75,1220,1021
75,2632,5500
75,3509,1682
76,1666,1419
76,2327,1023
76,3211,5143
77,1269,1071
77,1444,790
77,3541,2389
78,2966,3261
78,3513,1684
78,3470,4277
79,3786,1892
79,3605,6151
79,3369,5898
80,1314,656
80,2561,6378
80,1218,5647
81,3043,1384
81,3820,5485
81,3245,2249
82,1510,6133
82,2152,1746
82,2411,6065
83,2729,2450
83,3458,2014
83,1865,1169
84,2634,2105
84,2033,6357
84,3334,5405
85,3395,5116
85,3109,4793
85,2904,4821
86,2531,5413
86,1803,1433
86,3623,2747
87,2849,2569
87,2126,7209
87,1680,6918
88,2946,4478
88,3058,6603
88,1158,5468
89,3229,1965
89,2895,5158
89,1435,6724
90,3650,2226
90,3201,1795
90,1141,821
91,2479,6394
91,1992,6353
91,2949,4377
92,1707,1092
92,3398,2996
92,3708,3040
93,3035,6407
93,2548,2072
93,3275,4626
94,2621,1926
94,3317,2098
94,1519,6066
95,2818,5353
95,3409,2590
95,953,6008
96,1372,995
96,3122,1407
96,3446,5664
97,2983,3367
97,1491,5574
97,1771,7054
98,2220,1394
98,2543,1253
98,2580,1217
99,2691,1435
99,1923,7287
99,1507,6764
100,767,5760
100,2904,1743
100,2949,5652
101,3120,3929
101,1446,6755
101,3381,4220
102,3094,2900
102,2994,2289
102,3315,4668
103,1874,7147
103,2516,5925
103,3046,4134
104,2576,6382
104,2306,1871
104,3524,5299
105,3722,3571
105,1758,1503
105,2137,2028
106,2965,6893
106,3342,3474
106,3060,1588
107,2378,1592
107,3340,6683
107,3660,2256
108,2323,1503
108,3488,2798
108,3327,4712
109,2053,6068
109,2191,1457
109,2720,2858
110,3610,2366
110,3141,3300
110,2942,3215
111,2708,4665
111,3004,4482
111,2044,1257
112,2642,1578
112,1463,5385
112,3502,3965
113,2534,2235
113,1580,6867
113,3118,5529
114,2681,5876
114,3206,3752
114,2247,5842
115,1681,1021
115,3781,5318
115,3358,4155
116,1756,1846
116,3230,2312
116,1497,5700
117,3721,4212
117,3267,3024
117,3336,3381
118,3451,5704
118,3674,3166
118,2649,1270
119,2706,6829
119,3122,3972
119,1240,6114
120,1645,5615
120,826,5668
120,2342,1996
121,2098,7525
121,1258,851
121,3025,1290
122,3108,5150
122,1986,7590
122,3329,5653
123,2681,1230
123,3019,2657
123,2983,6721
124,3202,4654
124,1328,713
124,2232,5953
125,1888,1966
125,2362,6287
125,2707,6090
126,3350,3879
126,3220,2735
126,3502,2712
127,3359,4090
127,2956,6008
127,3592,3388
128,3450,3986
128,2879,5840
128,3573,4580
129,3436,6279
129,2953,6656
129,3426,2548
130,3015,4480
130,2421,7201
130,1693,6807
131,2688,5784
131,1942,1971
131,2538,1598
132,3041,3054
132,1960,7167
132,3605,3017
133,1551,5775
133,1662,1162
133,1997,1528
134,918,6124
134,2469,2051
134,2932,6396
135,2605,1220
135,1856,1259
135,870,5972
136,2729,5452
136,2507,6173
136,3303,1817
137,3883,2395
137,1854,1307
137,1658,7265
138,2337,7123
138,3118,5302
138,1999,1829
139,3620,4151
139,3054,2428
139,3058,6619
140,3010,6095
140,3318,2986
140,2848,2778
141,3181,6283
141,2564,5275
141,3261,4996
142,3702,2096
142,1971,1290
142,2432,6047
143,1888,6278
143,3209,5700
143,2606,2378
144,3342,2276
144,3700,2445
144,1869,1932
145,1903,7022
145,1068,6173
145,2237,1049
146,2983,1483
146,2162,2034
146,2525,2187
147,2471,5395
147,2903,6979
147,2365,1112
148,1665,5995
148,3743,3404
148,2600,1546
149,3422,1765
149,3062,1635
149,2788,6810
150,3762,2489
150,3156,1888
150,2411,6049
151,1423,1349
151,1329,6083
151,3410,1768
152,2676,5741
152,1299,5958
152,1229,664
153,3634,2844
153,3362,3057
153,2812,1306
154,3563,3124
154,3814,2079
154,1465,720
155,3484,6450
155,3272,2885
155,1206,5308
156,2932,2385
156,1313,6390
156,2145,1316
157,3423,2015
157,1872,981
157,3148,3482
158,3714,5584
158,3299,1373
158,3139,4468
159,2717,1489
159,3241,6641
159,3188,3604
160,2660,4842
160,3430,5940
160,851,5891
161,1677,1022
161,3333,3046
161,3296,5290
162,2908,2763
162,3604,6269
162,3489,2621
163,1377,555
163,3675,2359
163,1613,5804
164,2607,2426
164,3419,2852
164,3587,5776
165,1905,7473
165,3604,5721
165,2735,2131
166,1833,954
166,3470,1580
166,1692,6043
167,1861,6142
167,2220,6073
167,3296,2183
168,2865,2478
168,2958,4347
168,690,5892
169,1098,760
169,2421,7122
169,2558,1423
170,3182,4294
170,2119,6081
170,1627,1028
171,2090,7381
171,3759,2938
171,2550,5516
172,3213,2450
172,2773,6760
172,3486,3575
173,2448,7176
173,3675,5529
173,3266,6006
174,3568,2495
174,2786,5863
174,3714,2631
175,1594,6950
175,2964,2828
175,3442,1539
176,3363,5926
176,3133,5602
176,3156,1509
177,3044,6300
177,3264,2212
177,3336,1848
178,3245,2676
178,3210,3047
178,3360,2120
179,2962,6909
179,1303,915
179,2413,1983
180,2757,2913
180,3239,2536
180,3259,1696
181,930,5642
181,2660,5820
181,851,5831
182,3353,3154
182,1781,7261
182,1560,7138
183,3137,4474
183,3835,5576
183,3051,2536
184,3254,2554
184,1072,823
184,2271,1492
185,2924,3107
185,3756,5933
185,2107,6082
186,3905,5679
186,2999,1818
186,3333,2845
187,2057,2005
187,1160,5653
187,2503,5940
188,3114,5121
188,3948,5536
188,2959,5324
189,2796,6033
189,2900,3019
189,1412,6459
190,2719,5843
190,2430,6009
190,3120,3868
191,2972,1273
191,1900,7068
191,928,5912
192,3165,4289
192,890,5829
192,938,5805
193,3214,4567
193,3520,6176
193,3128,6234
194,2668,2197
194,3525,3788
194,3528,5196
195,1992,1082
195,1996,6412
195,3730,3702
196,3134,2753
196,2213,1196
196,3187,4291
197,1754,7423
197,1410,1317
197,3016,2018
198,3330,6642
198,3120,4964
198,2077,1875
199,1453,1280
199,3795,5950
199,3431,2583
200,3437,1937
200,1428,6085
200,3058,1526
201,3292,4638
201,1399,765
201,2953,2104
202,3229,4236
202,3337,4747
202,3385,5881
203,2286,1298
203,2944,6108
203,2396,7193
204,3657,6261
204,1385,6163
204,3398,5218
205,3306,1644
205,2554,5326
205,2695,1679
206,3257,5041
206,2245,1141
206,942,5552
207,2366,7329
207,3561,2733
207,3460,2261
208,3152,3219
208,2741,5756
208,3019,1561
209,2604,6373
209,3253,1869
209,3285,3596
210,2959,5880
210,3267,3978
210,1641,1161
211,3676,5499
211,3651,2174
211,3711,3558
212,1981,5904
212,2423,2077
212,3406,5255
213,2794,2839
213,2715,5343
213,3011,4202
214,2653,1946
214,2769,2879
214,1467,6608
215,2577,1640
215,2578,5344
215,3811,1995
216,3268,5644
216,3081,5567
216,3359,5744
217,3475,2116
217,3151,2641
217,2593,4847
218,3105,5436
218,1264,906
218,3537,2196
219,1354,1291
219,3786,3544
219,3003,6905
220,1802,7229
220,1616,7006
220,1637,5593
221,2186,6051
221,3417,3540
221,2778,4710
222,3337,1809
222,3831,3562
222,1871,7265
223,3485,3477
223,2912,2764
223,2199,1297
224,3561,3474
224,3110,4371
224,2898,7027
225,3511,5625
225,3123,5979
225,3644,5857
226,3040,3574
226,1556,5739
226,1335,6384
227,3301,5133
227,3432,5957
227,2966,1832
228,3698,2646
228,2574,5075
228,3425,5696
229,2838,1759
229,3915,2891
229,1020,5405
230,3490,1610
230,3431,1851
230,3278,6329
231,3581,4021
231,2974,2759
231,2919,2532
232,1075,785
232,2475,5394
232,2017,1715
233,2922,6668
233,2991,4395
233,3214,6458
234,2127,6243
234,3236,4853
234,3461,5638
235,1518,5727
235,3174,4595
235,1600,7070
236,3255,4763
236,2262,1997
236,3666,3532
237,1679,928
237,3220,2969
237,3068,3895
238,1346,5578
238,2262,1224
238,3463,3977
239,1334,6516
239,3391,6195
239,3339,1844
240,3563,6087
240,2489,1252
240,3328,1887
241,2608,5469
241,3056,5699
241,1240,6095
242,3305,2723
242,2765,6797
242,3778,5680
243,3560,3528
243,1253,6455
243,3682,1884
244,3042,4832
244,2790,2752
244,3494,5241
245,2863,5702
245,3849,3068
245,3141,3030
246,3013,6226
246,1296,5377
246,2533,1386
247,1680,1309
247,3260,3207
247,1904,5929
248,3176,4477
248,2156,7303
248,3044,4912
249,3760,5873
249,749,5774
249,2609,1252
250,1158,5417
250,3750,1963
250,2487,7122
251,3324,5822
251,1743,1462
251,3407,3625
252,3206,5576
252,1703,5838
252,3326,3199
253,2170,1024
253,3593,2027
253,1818,1680
254,1991,1672
254,3749,5347
254,2890,1946
255,3033,5351
255,1205,988
255,2896,6100
256,3832,5854
256,2974,1329
256,3377,3445
257,3609,3400
257,3249,3071
257,3488,3869
258,3727,2049
258,3596,4133
258,3245,4052
259,3666,5706
259,3027,5373
259,2724,1607
260,2747,1185
260,3333,5654
260,3012,5470
261,2440,1383
261,2813,4680
261,3659,5570
262,1519,5886
262,3418,6145
262,3436,5288
263,1577,5995
263,1625,5660
263,3087,4386
264,1406,5749
264,2333,1220
264,3284,4713
265,1543,5487
265,3277,5922
265,1846,887
266,1836,7109
266,1375,1112
266,3491,6322
267,3022,2883
267,2660,5730
267,3391,6432
268,3699,5716
268,2235,6148
268,3322,5990
269,3071,5686
269,3800,3065
269,970,6217
270,3312,5217
270,1321,6174
270,2325,2019
271,3529,2889
271,2397,5612
271,3677,2081
272,3553,3342
272,3581,1952
272,1434,6854
273,2058,7239
273,3778,4120
273,3331,4674
274,3630,5843
274,3590,1642
274,3332,2482
275,1387,5838
275,2257,7396
275,3264,1692
276,1908,1505
276,3690,3702
276,3288,4122
277,1700,6057
277,3599,4327
277,3308,6665
278,2342,5611
278,3167,4925
278,2533,5120
279,3363,4917
279,3101,6057
279,3104,6713
280,1418,1312
280,1307,6075
280,3400,2122
281,2157,6411
281,2061,6260
281,1560,6251
282,1457,6607
282,2775,6803
282,3150,3306
283,3486,3741
283,1402,6710
283,2532,6040
284,2751,7090
284,1536,6261
284,3444,6117
285,3331,6070
285,2955,6464
285,901,5817
286,2780,1158
286,3040,4691
286,1347,924
287,2202,1943
287,2670,1460
287,3904,5456
288,1715,1368
288,3409,4060
288,2974,5567
289,3185,5326
289,1306,5719
289,3448,6421
290,3419,3653
290,3866,3156
290,3308,6611
291,2939,6330
291,2743,4498
291,3144,5535
292,1437,6459
292,3749,5714
292,3590,5801
293,1036,6075
293,2294,7431
293,3549,5972
294,3094,3050
294,2482,7180
294,2348,7293
295,3385,6277
295,1885,7093
295,2872,6817
296,3367,4295
296,1642,6977
296,1616,5979
297,3155,2479
297,3645,6001
297,2929,2913
298,1095,5618
298,3852,5463
298,3537,5213
299,2515,2112
299,3467,1861
299,3168,3079
300,3482,5609
300,3154,6172
300,2984,5781
301,3770,3333
301,2647,5721
301,2641,5443
302,2930,3120
302,2733,4960
302,3528,4118
303,1802,7077
303,1401,701
303,1355,6792
304,2619,6151
304,2959,5490
304,2090,6072
305,2880,6458
305,3362,4740
305,2949,1764
306,1429,6928
306,2933,5551
306,1300,6643
307,2779,6974
307,2885,6636
307,2414,5482
308,3300,1771
308,3070,4867
308,3134,1302
309,3166,1613
309,2110,1885
309,2561,2177
310,3695,1965
310,3249,1863
310,2624,1654
311,3491,2032
311,2120,7298
311,3158,3954
312,1789,7296
312,1143,6151
312,3383,5206
313,3013,4818
313,785,5687
313,3064,4081
314,2949,5928
314,2272,7274
314,3578,3401
315,3096,6387
315,3453,1925
315,2354,5608
316,3498,4427
316,2880,4654
316,1309,6393
317,1393,5517
317,2803,5034
317,2802,6878
318,1812,1247
318,3357,2959
318,2863,6301
319,3051,3032
319,2375,6142
319,1559,6919
320,3799,2565
320,1443,6934
320,2804,4586
321,3540,3675
321,3396,3453
321,2846,4834
322,3093,1684
322,2958,5663
322,2110,1871
323,1392,5605
323,2525,1144
323,3822,5976
324,2719,6310
324,3290,1822
324,1617,7133
325,3551,2290
325,2989,6300
325,1008,5506
326,1612,986
326,909,5800
326,2346,1139
327,3744,5445
327,2671,4896
327,2643,1470
328,2997,4760
328,1796,7083
328,1384,6021
329,2148,5882
329,3726,1851
329,2598,1628
330,3663,3799
330,2318,6001
330,2753,2711
331,3225,3700
331,2421,1339
331,2919,6922
332,3553,6439
332,2538,5371
332,3262,4961
333,3580,3808
333,2720,4853
333,2171,7300
334,2751,6939
334,2506,6113
334,3283,2994
335,3648,4224
335,3412,5020
335,3296,1543
336,1412,6863
336,3056,4265
336,3159,2123
337,3101,2659
337,1116,5523
337,2171,6291
338,2514,5564
338,2428,6261
338,3241,4063
339,3168,2004
339,3051,3609
339,2093,1668
340,3141,3884
340,3420,6068
340,2547,6434
341,2984,6762
341,3355,2142
341,2730,5918
342,2944,6987
342,1363,6390
342,1815,1093
343,1254,852
343,3507,5290
343,2794,4768
344,2839,2587
344,3620,5810
344,1927,7402
345,2471,4803
345,2860,6455
345,3704,2010
346,2248,1845
346,1170,811
346,3519,5681
347,3244,2033
347,2162,6398
347,2470,1449
348,3380,3338
348,3990,5495
348,3706,2262
349,877,5434
349,1354,6395
349,3032,4658
350,3333,5447
350,1428,5901
350,3528,3006
351,2142,1604
351,3424,1688
351,3407,2515
352,3711,2133
352,2277,1188
352,3024,3040
353,941,6051
353,1596,1583
353,3655,3720
354,3003,2861
354,2133,6222
354,3236,6449
355,2283,1727
355,3395,6528
355,2290,6003
356,2863,2800
356,2264,1658
356,1664,1588
357,2745,2291
357,3051,3660
357,1487,5436
358,1321,891
358,3698,5198
358,2320,1445
359,1794,1612
359,3400,5586
359,2869,5936
360,3062,5014
360,903,5455
360,3007,4551
361,2924,4334
361,3532,3864
361,2188,1095
362,2975,6514
362,3528,5788
362,2946,1719
363,1134,5681
363,3558,5256
363,1336,6437
364,3100,1538
364,1130,5646
364,3586,2777
365,3930,5392
365,2447,1728
365,2503,7216
366,1667,5721
366,3403,2085
366,2901,7021
367,3494,3006
367,3100,2735
367,1170,5463
368,1551,5916
368,2744,6043
368,3806,5333
369,3167,3049
369,2799,6156
369,3602,4080
370,2604,2309
370,3512,2356
370,3600,3028
371,2853,3005
371,2621,2498
371,3466,3161
372,3074,2271
372,1393,5899
372,1988,7133
373,2966,1928
373,3094,6495
373,3337,3626
374,3739,5754
374,2809,6704
374,3048,5393
375,3500,5210
375,2910,3208
375,2528,7129
376,2770,6766
376,2793,4780
376,3576,5693
377,3637,2610
377,3460,3456
377,1588,6098
378,2281,1540
378,3393,6213
378,2561,2340
379,3238,4104
379,2764,5285
379,1134,766
380,2476,6977
380,2563,7243
380,3517,4201
381,2118,1351
381,3387,6142
381,2749,5028
382,2239,6394
382,3126,4818
382,3134,3756
383,1317,6494
383,2808,6411
383,3045,5472
384,2285,6301
384,2178,1282
384,1069,6066
385,3635,3619
385,2589,2128
385,2574,7177
386,1737,7016
386,3060,1250
386,3063,4315
387,2976,3340
387,2159,5966
387,1667,6087
388,2899,2352
388,746,5774
388,3115,5122
389,3114,4733
389,2560,2077
389,3112,1611
390,3236,3521
390,3013,2922
390,2848,2755
391,3260,5675
391,3677,1794
391,3249,6053
392,3272,2265
392,2159,1775
392,3187,5393
393,2370,1530
393,2993,2398
393,3122,6497
394,3710,3050
394,3629,2777
394,2249,1638
395,1873,2002
395,1743,857
395,3753,2208
396,1301,6114
396,2938,2498
396,3220,5459
397,2774,5643
397,3103,3204
397,2597,1896
398,1203,6339
398,3272,3224
398,1497,5976
399,3303,2149
399,3231,3611
399,1471,833
400,1687,6057
400,2483,1036
400,2996,1456
401,2532,1281
401,3583,2994
401,3619,4005
402,2556,5206
402,2894,5553
402,2988,6805
403,3327,5647
403,3464,2172
403,2309,7260
404,2855,6696
404,2767,2189
404,1084,5599
405,3258,2355
405,1207,5646
405,3406,2210
406,1846,7182
406,2139,1457
406,3556,2495
407,3353,3621
407,3205,1512
407,3572,4269
408,2508,2296
408,2524,7263
408,3320,4185
409,3305,5927
409,3171,4397
409,3095,3986
410,2863,4991
410,3126,6586
410,2571,5831
411,3218,3021
411,2735,1969
411,1967,1028
412,1192,797
412,1425,6354
412,3657,2666
413,3586,4237
413,1941,1781
413,2713,6891
414,3251,2729
414,3482,6175
414,3679,2656
415,2500,5291
415,3063,5090
415,3018,3450
416,1291,5964
416,1585,6995
416,1352,6042
417,3536,6087
417,1397,6185
417,2934,4377
418,2986,4929
418,2962,2629
418,2212,6414
419,1536,1403
419,1529,5489
419,2582,7115
420,3617,4032
420,2527,7209
420,2860,2684
421,2669,5665
421,2099,6008
421,3329,1569
422,1533,7069
422,1347,5761
422,2625,6373
423,3508,2747
423,1851,7082
423,2444,7340
424,1742,7300
424,2551,1158
424,2985,2656
425,2556,5237
425,2211,2015
425,1236,703
426,2927,6067
426,3075,1987
426,3561,2388
427,3294,2405
427,3167,3122
427,1299,1343
428,2780,4948
428,2637,5315
428,3245,4578
429,966,5627
429,2789,2912
429,3294,2747
430,2319,1687
430,2694,1995
430,3142,6281
431,2942,1367
431,2956,5106
431,1846,1126
432,3002,3476
432,2696,5354
432,3573,1887
433,3598,5872
433,2657,2346
433,3050,1478
434,2346,1995
434,755,5642
434,3029,1647
435,2210,6282
435,3027,4263
435,3326,2739
436,907,5984
436,1281,731
436,3521,2953
437,2569,1302
437,2877,4670
437,3535,3500
438,1587,6755
438,2990,3403
438,2342,1427
439,2958,5313
439,3047,5902
439,2064,1915
440,1594,5727
440,3375,1875
440,1643,945
441,3051,6653
441,3266,3303
441,3380,5473
442,2395,2121
442,1017,6094
442,3325,2504
443,2913,5673
443,2972,6731
443,3395,4633
444,3253,2323
444,3719,5465
444,2177,1665
445,2117,7503
445,2193,6364
445,3325,3524
446,3363,3578
446,2951,4530
446,3402,3609
447,2428,1491
447,3272,4411
447,3114,4635
448,1664,7334
448,3526,3539
448,3054,2452
449,3508,3684
449,1385,1068
449,2941,5336
450,2693,1953
450,3169,1712
450,1563,6351
451,741,5763
451,1843,1397
451,2313,1652
452,2107,1952
452,3080,5561
452,1346,692
453,1369,1052
453,2070,1815
453,2963,5611
454,2833,6346
454,1358,6108
454,1819,7025
455,2983,6390
455,1620,5634
455,3678,5444
456,3053,4173
456,2423,1551
456,2601,1687
457,732,5746
457,2871,2157
457,2533,5425
458,1662,5929
458,1428,5605
458,2814,1871
459,2714,6367
459,2066,6354
459,2217,7369
460,1782,1020
460,2702,5388
460,1711,1617
461,3339,6272
461,3291,6334
461,2922,4729
462,3224,4151
462,2573,2251
462,2806,2818
463,3248,6626
463,2215,1838
463,2782,1513
464,3865,2901
464,3906,5615
464,1644,5669
465,3742,2077
465,2900,6982
465,2584,5494
466,2722,2347
466,2932,5505
466,1455,5511
467,3513,1907
467,1889,7415
467,3144,1785
468,2568,6443
468,3472,2784
468,3347,6650
469,3792,3470
469,3535,5764
469,2969,1741
470,2963,6918
470,2854,1887
470,2458,1395
471,2455,5986
471,3729,3564
471,3178,4900
472,1811,957
472,3243,5396
472,2865,6253
473,3139,2118
473,1374,6617
473,3177,3795
474,3099,6436
474,3736,2763
474,3275,4942
475,2126,1857
475,1905,7410
475,2889,4877
476,2973,5132
476,1562,1118
476,2933,5375
477,1326,6063
477,3845,3129
477,3504,4105
478,3445,2065
478,2992,5668
478,3400,2699
479,2610,1808
479,2465,5708
479,3696,1856
480,3766,3708
480,3203,4882
480,3375,2114
481,3005,3453
481,1748,1454
481,2803,2733
482,1657,1070
482,2573,1316
482,3794,3269
483,1723,7000
483,2005,994
483,3669,5370
484,2481,6058
484,1942,1436
484,3459,3652
485,1386,1007
485,2672,1562
485,2355,2134
486,2736,4841
486,3022,5981
486,3563,1845
487,2782,2044
487,1545,6775
487,1618,983
488,2067,7343
488,3580,3959
488,2414,5769
489,1995,1047
489,1397,6117
489,2634,4879
490,3113,2386
490,3404,4470
490,3216,2179
491,3320,3757
491,2448,7190
491,3717,4233
492,2022,7197
492,1367,1415
492,2942,6952
493,2499,1282
493,2985,4856
493,3884,2286
494,3310,4251
494,1884,1697
494,1936,7176
495,3559,3480
495,3571,3327
495,1092,5505
496,3538,3096
496,3313,1766
496,2567,1215
497,820,6018
497,3701,3543
497,3508,6235
498,3797,2242
498,1440,6562
498,3475,4110
499,1467,6652
499,2825,2183
499,2886,4801
500,1403,6613
500,3163,6175
500,3024,2961
501,3352,6181
501,3040,5232
501,3128,2356
502,3476,3167
502,3216,1841
502,2629,1358
503,2190,6370
503,2802,5304
503,1365,5299
504,2863,1472
504,2901,3178
504,3068,3439
505,3497,1753
505,3319,4467
505,3478,6067
506,3314,3892
506,1378,6359
506,2915,2785
507,3020,3221
507,2191,7453
507,1665,6912
508,2341,5698
508,3596,3871
508,2358,7290
509,3722,4042
509,3480,3353
509,3225,2983
510,3662,5350
510,3453,5192
510,932,5849
511,1433,6918
511,1508,6733
511,1479,898
512,1111,5543
512,1596,1633
512,2752,7016
513,3467,6387
513,3229,5690
513,3641,5783
514,3342,2503
514,3571,4522
514,3828,2901
515,3583,3574
515,3425,3624
515,2795,6302
516,2467,5583
516,2410,1384
516,2834,2053
517,2446,5711
517,3029,2671
517,2554,1598
518,3129,4369
518,3432,3808
518,1573,6976
519,3576,3250
519,2905,2444
519,3723,3235
520,3441,1833
520,3256,5789
520,1251,5574
521,2004,1188
521,3175,5059
521,2014,6014
522,3345,1916
522,3540,5757
522,3381,2078
523,3248,5633
523,3610,6241
523,3492,3774
524,2432,1723
524,2913,2438
524,3032,3188
525,2791,4664
525,3118,2557
525,3473,2878
526,3014,5157
526,3562,2370
526,981,6065
527,3816,2017
527,2852,5551
527,2917,2736
528,1365,767
528,3365,3785
528,3658,5460
529,2130,2043
529,3234,4447
529,3011,6775
530,3246,1895
530,3448,1622
530,3125,3724
531,2639,7001
531,3291,2219
531,3747,3025
532,1537,5892
532,2516,7104
532,3236,4485
533,3439,5015
533,2966,2160
533,3190,6192
534,2817,4652
534,1563,1013
534,3189,4763
535,1965,7535
535,1560,7184
535,2778,6964
536,3096,3690
536,3130,2630
536,3320,3119
537,1710,6848
537,3133,6221
537,3005,5642
538,3310,6488
538,1438,644
538,2818,5163
539,3140,4160
539,2927,2221
539,3196,1427
540,3171,1856
540,2625,6875
540,3466,4447
541,2039,1456
541,2624,1286
541,2198,7402
542,1325,1264
542,2126,7434
542,1431,583
543,1116,5726
543,3191,5886
543,2781,1857
544,3922,2850
544,1647,1167
544,800,5722
545,2414,7048
545,3232,4836
545,3233,1780
546,2761,5724
546,3203,3596
546,3154,6707
547,1384,6473
547,2724,2574
547,3219,4050
548,3421,3149
548,1446,1096
548,1949,1420
549,3181,5949
549,1238,977
549,1091,5647
550,3070,3751
550,2405,5797
550,3070,2036
551,2470,1067
551,3194,4668
551,1465,1416
552,1501,5868
552,3233,1695
552,2014,1639
553,3722,4138
553,3007,6445
553,3649,3856
554,2703,1216
554,3128,2928
554,2728,6186
555,3297,5543
555,3031,5964
555,1154,719
556,2949,1967
556,1354,1304
556,2942,5698
557,3785,2759
557,3380,1906
557,2405,5601
558,2673,5523
558,3245,1421
558,1775,1713
559,3469,6330
559,3717,4090
559,3135,2979
560,2947,2089
560,3573,2700
560,3344,5052
561,3653,1997
561,2159,6273
561,3285,5169
562,2123,1667
562,3513,4060
562,2725,5255
563,2050,7573
563,2565,5849
563,2861,1877
564,3542,5429
564,2758,2546
564,3276,6734
565,2924,6358
565,3252,1546
565,3232,2258
566,1579,6329
566,3765,4150
566,3239,2809
567,3179,2035
567,1897,1566
567,3579,3419
568,2973,2093
568,3072,4630
568,1848,7011
569,3727,1998
569,3102,5643
569,1253,6600
570,3394,3807
570,3021,5242
570,1839,1252
571,3385,2645
571,3188,6535
571,2634,5857
572,2644,2468
572,2312,1423
572,3838,5421
573,2974,5951
573,2786,6966
573,3704,4204
574,1051,5441
574,3066,6140
574,2064,6080
575,3626,5952
575,2644,7052
575,3714,3488
576,2658,1311
576,2410,7220
576,2070,5921
577,3262,5408
577,3662,3267
577,2598,5996
578,2937,5372
578,2448,5412
578,2361,7218
579,3541,6368
579,2572,5850
579,3039,3815
580,3751,5840
580,3159,5577
580,2046,1400
581,3227,3157
581,1861,7224
581,1059,5325
582,2379,1711
582,3532,5322
582,2634,1591
583,2657,5332
583,3294,1594
583,2816,2187
584,2431,2143
584,3858,5975
584,3521,3361
585,3151,2749
585,3459,4529
585,2785,2899
586,1894,953
586,1418,967
586,2848,4721
587,2635,5336
587,3293,1728
587,3501,3217
588,1796,7448
588,1352,869
588,910,6020
589,1833,1003
589,3274,1458
589,3307,5998
590,3412,3722
590,3115,2577
590,2508,1909
591,3197,3044
591,3577,3332
591,3164,2285
592,3512,1928
592,3368,6570
592,3128,1817
593,3463,6058
593,1748,1345
593,2954,6912
594,2982,2257
594,2761,2027
594,1661,1369
595,1406,5421
595,2773,2317
595,3788,1997
596,3135,1311
596,2273,1975
596,989,5624
597,2724,1312
597,1393,591
597,2331,1725
598,1159,796
598,3636,3520
598,2906,5568
599,2065,7312
599,2162,6155
599,1185,5329
600,3144,6294
600,3641,6254
600,3267,5034
601,3732,3621
601,3700,5950
601,2895,5928
602,3162,3994
602,1897,1423
602,2360,6114
603,2504,5250
603,1375,6066
603,3576,1657
604,3669,2051
604,2577,6962
604,1756,1037
605,3734,3538
605,3052,2690
605,3013,5846
606,3708,3441
606,1633,6805
606,3156,3606
607,3919,5944
607,3138,3329
607,1456,5473
608,3048,3802
608,3230,5349
608,2827,1300
609,1583,1349
609,2038,1469
609,2041,1626
610,3256,2005
610,3402,2621
610,2725,5257
611,1667,6950
611,2568,1106
611,1723,1602
612,3055,4115
612,2993,5933
612,2732,1841
613,2913,5618
613,3340,2910
613,2729,5611
614,2410,5914
614,3784,3064
614,3007,1699
615,3438,3877
615,3205,1435
615,3085,4104
616,3162,2499
616,3533,5474
616,1780,1317
617,3410,3358
617,2155,1434
617,2257,1283
618,3229,1835
618,3253,3703
618,1991,5829
619,2535,6061
619,3559,5732
619,3469,5310
620,2990,5251
620,2353,997
620,3606,5521
621,3414,5073
621,3175,4480
621,2679,6441
622,1890,952
622,2542,2263
622,1604,1376
623,3477,4528
623,2895,2790
623,2923,3023
624,1417,1008
624,1699,1493
624,2673,5819
625,2794,2624
625,1621,1612
625,2486,5810
626,2436,1541
626,3320,2741
626,3005,6147
627,3776,2289
627,1985,993
627,2622,5850
628,2858,5482
628,3305,1507
628,3359,6323
629,2688,2057
629,2980,5469
629,2977,1322
630,3518,2392
630,862,5867
630,3721,4025
631,3538,3130
631,1828,7074
631,3150,6722
632,1277,1018
632,3698,2457
632,3394,2662
633,3162,5325
633,3858,2378
633,3716,1899
634,3107,4670
634,2956,4331
634,3371,1569
635,2085,1282
635,3386,4767
635,2449,5960
636,1915,6337
636,2285,1703
636,1969,7566
637,888,5461
637,3289,6105
637,2524,7003
638,3279,5509
638,2833,6412
638,3233,5008
639,2572,6924
639,3144,3269
639,2304,5713
640,3158,1273
640,2551,1607
640,2324,1807
641,1773,1004
641,2608,6098
641,2205,1974
642,1370,6569
642,3526,6435
642,1457,6582
643,3133,6599
643,2620,6405
643,3675,3774
644,1337,6591
644,1492,6116
644,1077,6184
645,3085,5892
645,2767,2839
645,2462,2224
646,3552,1924
646,2702,2050
646,1339,5300
647,2618,5688
647,2415,7238
647,2889,1489
648,3727,2764
648,2993,6072
648,3297,5076
649,1676,6781
649,3515,5603
649,3456,6278
650,1452,660
650,2906,2159
650,1229,872
651,1403,5891
651,2110,1272
651,3805,5510
652,2719,4597
652,1915,6070
652,3970,5456
653,2554,5495
653,1163,5283
653,1807,1243
654,1171,5763
654,1695,1022
654,3223,6096
655,1181,5716
655,3555,6257
655,2187,7470
656,2359,6370
656,1776,1578
656,3220,4009
657,2656,1779
657,2953,2326
657,3074,5611
658,1768,1132
658,3372,2160
658,3043,4728
659,1923,6446
659,3374,2528
659,3577,5768
660,3280,2073
660,3817,3419
660,3812,3447
661,2457,1541
661,3054,1807
661,3148,5510
662,1339,705
662,1743,1573
662,3656,1952
663,2663,4703
663,3140,5667
663,3137,1668
664,3035,2756
664,3710,5792
664,2710,6435
665,3499,3097
665,3490,3915
665,3160,6210
666,2525,2297
666,3010,2867
666,3858,5951
667,2372,1499
667,3389,5852
667,1821,1334
668,2885,1488
668,2711,2058
668,2748,5907
669,3191,2911
669,3472,2276
669,2607,2427
670,2479,5858
670,3590,1615
670,1327,5831
671,1549,7073
671,2223,1218
671,2679,2110
672,3347,3727
672,3608,2295
672,3594,6267
673,3415,4447
673,3445,2249
673,3135,3195
674,3643,4149
674,2600,5040
674,2787,6697
675,2361,6075
675,3637,4302
675,2669,6360
676,2347,1885
676,3508,1634
676,2579,2165
677,2670,6172
677,3714,5584
677,2615,2544
678,3509,2170
678,2071,7512
678,2304,1256
679,3428,5898
679,2632,2384
679,2451,6103
680,1473,6770
680,3041,1384
680,3426,6136
681,2938,1795
681,1296,5519
681,3797,5476
682,2346,6172
682,3564,5793
682,3024,1726
683,3405,1687
683,2487,2154
683,1102,6276
684,3225,2533
684,3337,2563
684,2880,2780
685,2948,6966
685,2274,1722
685,3172,2767
686,2375,6229
686,3142,2332
686,3595,3550
687,3067,6366
687,2598,1561
687,1528,6303
688,2098,1697
688,3170,5745
688,1202,5353
689,1002,5994
689,3477,6051
689,2737,1622
690,3646,3688
690,2911,5597
690,3227,4736
691,2302,1558
691,1628,5930
691,2736,5506
692,3649,5383
692,1826,1683
692,3131,2872
693,1516,5794
693,3238,2153
693,1664,7035
694,2752,2872
694,2662,1699
694,3401,5038
695,3329,5419
695,3476,3786
695,2372,1653
696,3337,6027
696,2996,1897
696,3229,4602
697,1489,7085
697,1408,1393
697,3264,5131
698,3070,3619
698,2931,6874
698,1371,6584
699,1748,1660
699,2855,6152
699,3896,5535
700,2424,5331
700,3864,5839
700,3040,6238
701,2602,5937
701,1425,5442
701,3076,2612
702,1776,7256
702,3202,2413
702,2410,6023
703,3111,5549
703,3414,2281
703,1733,1715
704,3443,2703
704,3364,1581
704,3141,4699
705,3015,2602
705,1476,5919
705,2525,5168
706,1597,6323
706,3118,1560
706,1983,6200
707,2077,1111
707,3467,4068
707,1998,6245
708,2535,5987
708,1566,7056
708,3222,1336
709,3199,1541
709,1327,5413
709,1879,1151
710,3770,1899
710,3242,5864
710,3541,1698
711,3713,5476
711,3098,5778
711,2688,1693
712,2542,7028
712,818,5544
712,1293,1292
713,2898,6344
713,2788,2025
713,2685,2414
714,2720,5835
714,1173,5638
714,2503,1436
715,3477,5041
715,1674,7014
715,3115,3937
716,3363,5804
716,3363,4807
716,1106,5731
717,1802,6988
717,2883,1887
717,3348,5593
718,1463,1172
718,1327,6417
718,3465,2060
719,2962,5611
719,1939,1605
719,3141,2949
720,3639,3317
720,1932,1227
720,3695,4118
721,3069,3422
721,2771,1297
721,2543,1048
722,2537,5643
722,1966,1238
722,2466,5920
723,2081,7337
723,2819,1508
723,1686,861
724,3834,3603
724,1947,5940
724,3024,2225
725,1712,1806
725,3277,3206
725,1617,6102
726,3648,2968
726,1804,1259
726,2539,1222
727,3542,1707
727,787,6036
727,792,5550
728,875,5773
728,1537,5581
728,1230,847
729,1579,6371
729,3420,4314
729,2158,1382
730,2491,2247
730,2534,6160
730,2919,1580
731,3390,3429
731,3564,1845
731,3785,1972
732,3466,4500
732,1332,5443
732,1803,1533
733,3425,5149
733,3075,6549
733,2727,7077
734,1456,6104
734,3575,1922
734,2792,7026
735,2703,7028
735,2771,4736
735,896,5998
736,3575,3102
736,3266,6378
736,1977,1408
737,2541,4971
737,1302,5756
737,3278,5266
738,3269,4623
738,3320,3857
738,2806,6668
739,3590,6111
739,1898,1137
739,2698,6280
740,3631,5288
740,3203,5200
740,3968,5460
741,2083,6233
741,3393,4537
741,1645,7155
742,1120,5484
742,3159,3346
742,2732,5184
743,3120,4702
743,3388,3926
743,761,5652
744,3627,3986
744,3028,3083
744,3493,5380
745,3634,3216
745,1229,714
745,3787,2162
746,1430,1101
746,3414,2767
746,3423,2008
747,2763,5163
747,2957,3199
747,3267,1562
748,2523,6375
748,1572,6311
748,2825,2088
749,3197,6337
749,3047,3468
749,1286,6221
750,1821,7118
750,1701,6114
750,3644,2937
751,2654,2170
751,3673,5936
751,1742,1136
752,1593,6327
752,3726,2662
752,3231,5789
753,3163,5025
753,3070,6317
753,2200,1405
754,2297,7255
754,3106,1457
754,3481,2534
755,1381,5517
755,3324,2247
755,2055,1332
756,3213,5709
756,2994,1444
756,1093,813
757,3240,4091
757,2203,1812
757,3154,3482
758,3423,4150
758,1266,901
758,3589,2377
759,2970,2514
759,3217,2041
759,3560,2339
760,1408,1112
760,2813,1369
760,3116,3700
761,2155,6370
761,3588,3484
761,3629,5200
762,3010,4589
762,3331,5197
762,3124,6481
763,2650,1115
763,3069,6449
763,1660,945
764,3295,6685
764,831,5583
764,3058,1518
765,3615,6254
765,3072,2932
765,3010,1236
766,3076,2517
766,1034,6112
766,2597,1770
767,3863,5865
767,3216,4308
767,786,5520
768,1269,6675
768,3257,3025
768,3176,4150
769,3218,3919
769,2385,5690
769,3238,3834
770,2835,6984
770,2975,1501
770,2897,2324
771,2205,5933
771,3019,6271
771,3687,1875
772,2725,1814
772,2912,2824
772,3291,5287
773,1970,6271
773,1202,5674
773,3160,5861
774,2177,7464
774,1551,979
774,1074,6151
775,2995,6863
775,3132,1704
775,1297,6186
776,3593,2740
776,2517,6407
776,2791,6270
777,3190,1573
777,2819,4699
777,2312,1007
778,3670,2716
778,2885,4973
778,3327,6648
779,3148,2481
779,3132,6792
779,2418,1005
780,2067,1857
780,2125,1162
780,2400,7151
781,3101,3924
781,2796,4883
781,3030,6393
782,3764,3651
782,3323,3913
782,3143,3985
783,1235,5438
783,3196,4410
783,3321,5994
784,1283,976
784,2463,2244
784,1354,6642
785,3735,3803
785,2761,4714
785,2555,7241
786,2902,5720
786,2531,5908
786,3472,4508
787,1693,7196
787,2720,5468
787,1595,5552
788,2393,6113
788,807,5492
788,3736,3295
789,3313,1539
789,1451,792
789,1056,6297
790,3621,5393
790,1713,847
790,1561,6794
791,1516,6224
791,2606,5529
791,3465,3100
792,2595,4819
792,3153,2408
792,3679,2608
793,3689,3420
793,3125,6255
793,2801,6142
794,2682,5983
794,2320,6185
794,2987,3233
795,2119,1578
795,3081,5687
795,2257,7340
796,3353,1481
796,3443,3292
796,2259,1358
797,3774,2279
797,2378,5617
797,1631,6251
798,3024,2542
798,2727,2021
798,2922,6718
799,3770,4135
799,2480,2110
799,2348,5850
800,2970,1310
800,3216,3963
800,3393,4547
801,795,5529
801,2594,6309
801,3204,5435
802,3157,1677
802,3514,6454
802,3569,2401
803,3087,5423
803,3333,2893
803,3482,2148
804,3436,4107
804,3368,4066
804,3440,2903
805,2641,5461
805,2278,5903
805,3744,3222
806,2788,4557
806,2290,6077
806,1892,7181
807,3218,3710
807,2551,5282
807,1185,848
808,1004,5442
808,2748,6331
808,3556,3656
809,1618,1393
809,2000,5848
809,3339,1866
810,2167,6009
810,2622,5207
810,901,5815
811,2806,4486
811,3075,3882
811,2934,5294
812,1496,6096
812,3222,3290
812,2972,4542
813,2884,1379
813,2270,6334
813,1401,6161
814,3447,5974
814,1626,1482
814,3033,6419
815,3140,6299
815,2759,5602
815,2513,5359
816,3027,6238
816,2035,6038
816,2524,6952
817,2994,3327
817,2124,1682
817,2441,5904
818,3131,5962
818,1223,5267
818,3337,1622
819,2157,1999
819,2739,7000
819,1195,6113
820,2379,1450
820,3400,6293
820,2324,1137
821,3428,3770
821,2954,2462
821,3129,4100
822,2318,5964
822,1425,6586
822,3530,5512
823,3680,3944
823,2818,7067
823,3798,2542
824,1736,7355
824,2913,2475
824,3061,2780
825,1675,5895
825,3023,3647
825,2033,6384
826,871,5539
826,2897,5178
826,3016,6147
827,3136,4957
827,3607,6249
827,3029,5985
828,2756,5970
828,2219,7436
828,2651,6121
829,2532,6240
829,2077,5974
829,2876,6418
830,3054,4512
830,1752,7263
830,2943,2408
831,3067,3527
831,1878,6042
831,3312,3057
832,2955,5710
832,3231,3952
832,3441,2592
833,2043,1709
833,3541,3481
833,2650,1272
834,1849,7294
834,2958,6581
834,3138,3093
835,2843,4722
835,2012,7248
835,1329,648
836,3010,3327
836,1921,7185
836,3632,1979
837,3782,5798
837,2629,1407
837,2854,4901
838,3466,6067
838,2124,1695
838,3163,6136
839,3041,5559
839,2239,1394
839,1249,6234
840,2426,7184
840,2527,1911
840,1152,5311
841,2999,5474
841,2778,2072
841,1472,5634
842,3604,3602
842,1978,7139
842,1425,6153
843,2088,1090
843,2456,2206
843,3594,1951
844,3192,4701
844,1959,1655
844,2568,2213
845,2666,1112
845,3486,2213
845,2572,1605
846,3344,3657
846,3524,3174
846,1849,7319
847,3315,3515
847,2818,6240
847,2386,5746
848,3169,6681
848,1478,6412
848,3285,3208
849,2386,1393
849,3088,3462
849,1545,7109
850,2016,6064
850,3461,6024
850,3759,5985
851,2233,1250
851,2971,4298
851,3083,2996
852,3575,6365
852,2142,6381
852,3154,1628
853,3513,3359
853,2900,6172
853,1409,6604
854,3437,3768
854,1341,6178
854,2652,7110
855,2645,2474
855,2398,1493
855,3198,4012
856,3362,6669
856,2324,6228
856,2999,6329
857,1401,903
857,3613,3036
857,2409,1564
858,2951,5332
858,1389,5533
858,1448,1320
859,3053,2146
859,3539,6098
859,2914,1485
860,2517,1279
860,3676,5585
860,1494,927
861,2863,3089
861,3686,4284
861,3413,3304
862,3762,5711
862,2402,6197
862,1575,1180
863,3255,2771
863,2857,3099
863,3555,2731
864,2915,5544
864,3400,2120
864,3615,4181
865,3140,4850
865,3307,4333
865,1581,5715
866,2068,1034
866,3460,5644
866,2968,1696
867,2424,1632
867,3265,1839
867,1791,1364
868,3464,5378
868,2071,1455
868,3548,4147
869,1586,6899
869,2780,2644
869,2923,2557
870,3583,3039
870,2729,5993
870,3783,5484
871,2135,7381
871,2237,7291
871,3273,2885
872,3284,3125
872,3310,4721
872,1918,6303
873,3406,3873
873,3492,5721
873,3488,4083
874,2975,4270
874,3508,3867
874,3351,5490
875,2182,1955
875,2578,5489
875,3585,3276
876,3103,5626
876,3393,6602
876,2650,6297
877,3194,4692
877,3087,6141
877,3348,3213
878,2906,2383
878,3246,6465
878,3654,2910
879,3569,5781
879,2850,6789
879,1488,7097
880,3193,5250
880,3373,5046
880,3251,1356
881,3272,6012
881,2805,6165
881,2000,6219
882,1611,1276
882,1677,1713
882,1725,5913
883,3271,5859
883,3325,4932
883,2142,1508
884,2740,1608
884,2928,5586
884,2770,1859
885,2094,7450
885,3447,2118
885,1330,6618
886,2438,7162
886,3134,5619
886,1314,595
887,3224,2489
887,2900,2451
887,3332,2911
888,3232,4635
888,1912,1398
888,2236,6318
889,2749,6981
889,2429,6033
889,3443,2658
890,3150,2331
890,2546,5854
890,2878,4433
891,3353,2296
891,2932,5794
891,2810,6929
892,2206,6253
892,3748,2778
892,1614,7191
893,3166,5332
893,3573,5732
893,3272,4191
894,3195,6688
894,3418,1997
894,3376,4242
895,3383,4400
895,3095,3530
895,2881,2549
896,3615,1859
896,1764,7010
896,1619,5664
897,2823,5062
897,3661,2098
897,3256,4050
898,2237,6273
898,1303,1394
898,3382,4875
899,2715,2049
899,3627,2760
899,2605,1866
900,2397,7242
900,3329,2813
900,2805,4469
901,3282,2552
901,3964,5523
901,3186,1779
902,3213,2352
902,3840,3460
902,1233,6287
903,2125,1866
903,3373,6106
903,2524,2214
904,2253,1340
904,2926,5594
904,3021,2119
905,3727,2838
905,3040,5608
905,1246,987
906,2347,1632
906,2653,5918
906,3130,5201
907,2599,6958
907,2879,2067
907,2345,1063
908,2883,1806
908,2948,2230
908,3522,3147
909,3708,5269
909,1608,6900
909,3159,5834
910,2601,2277
910,2423,1446
910,3521,2862
911,1930,7462
911,2299,2022
911,2719,2748
912,3825,3550
912,3740,3062
912,3775,3628
913,3730,2926
913,3774,3690
913,3075,5339
914,3634,5546
914,3155,4488
914,1863,7443
915,1732,7009
915,2604,2348
915,2728,2290
916,2905,5170
916,3108,5561
916,2837,4862
917,866,5523
917,2571,2206
917,3633,3615
918,3796,5565
918,3072,5380
918,3502,1651
919,2660,2370
919,2760,6227
919,2505,1317
920,3126,4275
920,2894,6699
920,2654,2393
921,2672,5529
921,2847,4702
921,2199,6403
922,1749,7090
922,1491,5724
922,1614,1194
923,3234,1906
923,3698,2662
923,2707,2326
924,2867,3002
924,3499,4587
924,3120,4520
925,3188,1413
925,3428,2439
925,2421,7092
926,2820,1197
926,2590,7047
926,1391,6313
927,3109,5515
927,1454,899
927,3457,4111
928,1618,6877
928,2988,3220
928,2614,7063
929,3372,1435
929,1551,6755
929,3313,1729
930,1781,1884
930,825,5826
930,2237,1480
931,1355,6067
931,1382,6677
931,2213,1162
932,3300,4257
932,2981,3000
932,2955,6842
933,3296,5264
933,3632,5617
933,3449,4187
934,1559,5483
934,1682,6169
934,2690,6364
935,1576,5636
935,2480,5863
935,3389,4175
936,1928,6215
936,1683,1025
936,3042,5292
937,1826,1497
937,2041,7228
937,2888,4536
938,2948,4360
938,3514,2932
938,1422,5456
939,2088,2031
939,3167,5755
939,2826,6973
940,3067,1692
940,2935,4500
940,3429,2251
941,2825,5683
941,3159,4001
941,2362,7135
942,2783,1869
942,2918,5445
942,3647,1777
943,1808,1031
943,3897,2815
943,3282,1939
944,3675,5482
944,2716,6087
944,2131,5914
945,3718,1850
945,3069,5739
945,3635,1867
946,3063,6061
946,3518,6413
946,3300,1382
947,1326,5797
947,1961,1861
947,1576,6922
948,1676,6087
948,3144,1610
948,2989,1879
949,3627,5882
949,3457,2609
949,3451,5049
950,2409,2144
950,3207,3526
950,3316,3211
951,730,5592
951,3214,4446
951,3306,5368
952,2898,4581
952,3214,4091
952,3487,4207
953,1154,722
953,3556,3460
953,1396,563
954,1981,6383
954,3509,5689
954,966,5687
955,851,6027
955,3529,5981
955,2415,5385
956,3153,3285
956,2030,1337
956,3732,2743
957,3134,4512
957,1489,718
957,2938,4605
958,3282,6309
958,3536,3078
958,3712,3254
959,3036,6602
959,2270,1355
959,3107,3825
960,2982,1464
960,3071,2865
960,2874,2139
961,3208,1713
961,2920,2880
961,2664,6079
962,3385,5166
962,2668,6362
962,3171,5565
963,2628,2021
963,2134,1874
963,904,6064
964,2765,5785
964,901,5459
964,1342,5726
965,2352,6142
965,3856,2260
965,2243,6312
966,1762,7043
966,1845,6507
966,2800,1486
967,1827,1883
967,2635,1135
967,3775,6019
968,3220,3477
968,3073,2600
968,2711,2067
969,2353,2013
969,2956,1347
969,2819,5799
970,1271,6341
970,1319,971
970,3337,2459
971,3062,1491
971,3620,1935
971,3449,3201
972,2572,6056
972,3034,2527
972,3611,5333
973,3028,2839
973,2630,7134
973,3198,6567
974,3255,3057
974,2726,6312
974,3718,1937
975,2733,5552
975,3277,2194
975,2761,2119
976,3742,2915
976,3326,6127
976,2917,6461
977,2026,1993
977,2970,5854
977,2980,2333
978,3738,3480
978,2768,1554
978,975,5616
979,2798,2232
979,1694,1702
979,1965,6326
980,3256,1799
980,2003,1754
980,1542,861
981,1549,1017
981,2244,6201
981,3357,1549
982,1554,1090
982,1899,1504
982,2983,2814
983,3422,4229
983,1700,6811
983,3627,4028
984,3102,3474
984,3517,5639
984,1413,6000
985,3373,5594
985,2903,6989
985,1956,6135
986,3010,5522
986,2825,5152
986,3416,5432
987,2776,5605
987,3775,3053
987,1632,5713
988,1381,6519
988,3776,3519
988,2921,2468
989,2713,5294
989,2573,2171
989,3395,2661
990,2868,6662
990,984,6008
990,2226,1418
991,3055,3045
991,2430,6326
991,2946,5412
992,3264,5215
992,3670,2913
992,1508,1149
993,3095,5743
993,3117,3591
993,1587,7024
994,1954,7325
994,3493,5253
994,2631,6405
995,1487,5896
995,2731,1365
995,3385,2315
996,2597,6301
996,3035,5272
996,2751,6319
997,4001,5517
997,2625,1835
997,3097,2963
998,2514,2113
998,1567,6826
998,2536,2342
999,1980,1858
999,1885,1280
999,3304,6301
